"RK","PLAYER NAME",TEAM,"POS","BEST","WORST","AVG.","STD.DEV","ECR VS ADP"
"1","Shohei Ohtani",LAD,"DH1","1","17","1.1","0.3","-"
"2","Aaron Judge",NYY,"OF1","1","3","1.9","0.3","-"
"3","Bobby Witt Jr.",KC,"SS1","2","7","3.3","0.8","-"
"4","Juan Soto",NYM,"OF2","1","6","4.0","0.7","-"
"5","Ronald Acuna Jr.",ATL,"OF3","3","10","5.9","1.4","-"
"6","Jose Ramirez",CLE,"3B1","4","16","6.0","2.0","-"
"7","Julio Rodriguez",SEA,"OF4","5","11","7.5","1.4","-"
"8","Elly De La Cruz",CIN,"SS2","5","12","8.0","1.5","-"
"9","Kyle Tucker",LAD,"OF5","5","15","9.4","1.9","-"
"10","Fernando Tatis Jr.",SD,"OF6","8","19","10.4","1.3","-"
"11","Gunnar Henderson",BAL,"SS3","6","19","10.8","2.1","-"
"12","Corbin Carroll",ARI,"OF7","7","24","12.4","2.6","-"
"13","Vladimir Guerrero Jr.",TOR,"1B1","4","31","13.6","2.8","-"
"14","Junior Caminero",TB,"3B2","8","26","14.3","3.2","-"
"15","Kyle Schwarber",PHI,"DH2","7","25","16.9","3.4","-"
"16","Cal Raleigh",SEA,"C1","11","33","18.0","3.1","-"
"17","Nick Kurtz",ATH,"1B2","9","29","18.3","3.8","-"
"18","Pete Alonso",BAL,"1B3","13","28","19.7","3.2","-"
"19","Jazz Chisholm Jr.",NYY,"2B1","12","37","20.0","4.6","-"
"20","Trea Turner",PHI,"SS4","14","33","21.0","3.0","-"
"21","Jackson Chourio",MIL,"OF8","10","49","21.3","9.8","-"
"22","Francisco Lindor",NYM,"SS5","14","38","21.5","4.2","-"
"23","Ketel Marte",ARI,"2B2","15","35","23.8","4.1","-"
"24","Yordan Alvarez",HOU,"OF9","16","41","24.8","5.1","-"
"25","Zach Neto",LAA,"SS6","17","39","25.7","3.9","-"
"26","Pete Crow-Armstrong",CHC,"OF10","16","43","27.8","5.5","-"
""
"27","Bryce Harper",PHI,"1B4","18","35","28.0","4.4","-"
"28","Brent Rooker",ATH,"OF11","18","81","28.1","5.2","-"
"29","Manny Machado",SD,"3B3","20","36","28.2","3.1","-"
"30","James Wood",WSH,"OF12","18","47","28.6","4.2","-"
"31","Matt Olson",ATL,"1B5","14","52","29.9","4.9","-"
"32","Wyatt Langford",TEX,"OF13","16","63","30.2","5.6","-"
"33","Rafael Devers",SF,"1B6","14","46","33.7","5.8","-"
"34","Mookie Betts",LAD,"SS7","25","56","34.8","4.7","-"
"35","Freddie Freeman",LAD,"1B7","22","58","36.8","5.8","-"
"36","Roman Anthony",BOS,"OF14","24","126","38.7","11.7","-"
"37","Austin Riley",ATL,"3B4","28","62","38.7","5.9","-"
"38","Brice Turang",MIL,"2B3","23","62","39.4","6.1","-"
"39","Josh Naylor",SEA,"1B8","31","60","41.0","5.5","-"
"40","Jarren Duran",BOS,"OF15","31","54","41.1","4.3","-"
"41","CJ Abrams",WSH,"SS8","24","55","43.1","4.7","-"
"42","Riley Greene",DET,"OF16","32","53","43.3","5.5","-"
"43","Jackson Merrill",SD,"CF1","32","125","43.9","6.8","-"
"44","Maikel Garcia",KC,"2B4","30","104","45.2","7.5","-"
"45","William Contreras",MIL,"C2","29","80","45.6","9.2","-"
"46","Cody Bellinger",NYY,"OF17","30","62","46.6","5.8","-"
"47","Vinnie Pasquantino",KC,"1B9","31","66","46.9","6.8","-"
"48","Shea Langeliers",ATH,"C3","28","83","48.0","9.0","-"
"49","Byron Buxton",MIN,"CF2","29","63","49.7","5.9","-"
"50","Geraldo Perdomo",ARI,"SS9","41","88","51.9","5.3","-"
"51","Corey Seager",TEX,"SS10","32","70","52.9","7.9","-"
"52","George Springer",TOR,"OF18","36","69","53.1","6.2","-"
"53","Randy Arozarena",SEA,"OF19","33","69","54.4","5.5","-"
"54","Bo Bichette",NYM,"SS11","42","85","55.0","7.8","-"
"55","Ben Rice",NYY,"1B10","30","106","55.0","14.9","-"
"56","Hunter Goodman",COL,"C4","36","115","56.4","11.8","-"
"57","Tyler Soderstrom",ATH,"1B11","42","76","57.9","7.0","-"
"58","Eugenio Suarez",CIN,"3B5","31","77","58.9","7.5","-"
"59","Michael Harris II",ATL,"OF20","41","78","60.9","7.7","-"
"60","Oneil Cruz",PIT,"CF3","34","78","61.6","6.3","-"
"61","Jeremy Pena",HOU,"SS12","46","101","63.8","10.0","-"
"62","Teoscar Hernandez",LAD,"OF21","44","76","64.1","7.3","-"
"63","Nico Hoerner",CHC,"2B5","46","97","64.1","6.1","-"
"64","Christian Yelich",MIL,"OF22","34","80","66.0","8.2","-"
"65","Trevor Story",BOS,"SS13","43","117","66.2","10.0","-"
"66","Alex Bregman",CHC,"3B6","41","102","66.6","8.3","-"
"67","Michael Busch",CHC,"1B12","42","106","66.7","5.9","-"
"68","Seiya Suzuki",CHC,"OF23","48","107","67.2","13.8","-"
"69","Willy Adames",SF,"SS14","43","97","70.6","9.1","-"
"70","Jose Altuve",HOU,"2B6","48","100","70.8","9.1","-"
"71","Salvador Perez",KC,"C5","50","97","71.1","9.6","-"
"72","Yandy Diaz",TB,"1B13","54","102","73.6","9.3","-"
"73","Jo Adell",LAA,"OF24","48","108","74.6","9.7","-"
"74","Luis Robert Jr.",NYM,"OF25","51","98","75.2","11.4","-"
"75","Drake Baldwin",ATL,"C6","42","117","75.7","13.3","-"
"76","Luke Keaschall",MIN,"2B7","59","121","77.5","11.2","-"
"77","Brandon Nimmo",TEX,"OF26","61","117","79.2","6.8","-"
"78","Andy Pages",LAD,"OF27","60","123","80.1","8.6","-"
"79","Will Smith",LAD,"C7","56","122","80.3","12.8","-"
"80","Taylor Ward",BAL,"OF28","49","110","80.8","7.6","-"
"81","Agustin Ramirez",MIA,"C8","55","150","80.8","14.8","-"
"82","Matt Chapman",SF,"3B7","58","112","85.2","12.3","-"
"83","Ceddanne Rafaela",BOS,"OF29","57","138","85.4","13.3","-"
"84","Jakob Marsee",MIA,"OF30","65","124","85.7","9.7","-"
"85","Lawrence Butler",ATH,"OF31","38","116","86.3","9.0","-"
"86","Dansby Swanson",CHC,"SS15","60","127","86.4","10.9","-"
"87","Ozzie Albies",ATL,"2B8","65","119","86.8","11.0","-"
"88","Jacob Wilson",ATH,"SS16","55","126","91.9","12.6","-"
"89","Willson Contreras",BOS,"1B14","63","117","92.3","10.1","-"
"90","Ian Happ",CHC,"OF32","63","135","93.4","11.9","-"
""
"91","Steven Kwan",CLE,"OF33","67","149","93.5","8.5","-"
"92","Yainer Diaz",HOU,"C9","68","134","95.3","13.4","-"
"93","Brenton Doyle",COL,"OF34","75","147","95.5","15.1","-"
"94","Matt McLain",CIN,"2B9","64","139","97.7","19.2","-"
"95","Ivan Herrera",STL,"C10","75","152","98.2","13.9","-"
"96","Kyle Stowers",MIA,"OF35","69","141","103.6","20.0","-"
"97","Xavier Edwards",MIA,"SS17","83","139","104.2","13.6","-"
"98","Spencer Torkelson",DET,"1B15","61","124","104.9","11.5","-"
"99","Bryan Reynolds",PIT,"OF36","81","163","104.9","12.3","-"
"100","Alec Burleson",STL,"OF37","71","156","105.2","17.3","-"
"101","Jac Caglianone",KC,"1B16","53","165","106.2","24.0","-"
"102","Ezequiel Tovar",COL,"SS18","79","156","106.6","16.8","-"
"103","Brandon Lowe",PIT,"2B10","65","150","107.0","15.7","-"
"104","Adley Rutschman",BAL,"C11","74","154","108.0","14.8","-"
"105","Jonathan Aranda",TB,"1B17","90","144","109.2","11.3","-"
"106","Noelvi Marte",CIN,"3B8","70","166","109.8","19.7","-"
"107","Sal Stewart",CIN,"1B18","80","148","110.6","15.3","-"
"108","Chandler Simpson",TB,"OF38","52","168","111.3","19.9","-"
"109","Heliot Ramos",SF,"OF39","78","140","112.0","13.6","-"
"110","Mike Trout",LAA,"OF40","78","150","112.1","11.2","-"
"111","Wilyer Abreu",BOS,"OF41","85","152","114.2","13.1","-"
"112","Bryson Stott",PHI,"2B11","81","160","115.2","17.4","-"
"113","Daulton Varsho",TOR,"OF42","83","145","115.5","13.6","-"
"114","Christian Walker",HOU,"1B19","58","150","116.7","13.9","-"
"115","Addison Barger",TOR,"3B9","84","180","117.3","14.9","-"
"116","Daylen Lile",WSH,"OF43","86","143","118.9","10.2","-"
"117","Royce Lewis",MIN,"3B10","89","150","119.8","13.9","-"
"118","Munetaka Murakami",CWS,"1B20","75","173","120.4","12.2","-"
"119","Jorge Polanco",NYM,"2B12","57","148","121.7","13.0","-"
"120","Marcus Semien",NYM,"2B13","81","161","122.4","18.7","-"
"121","Alejandro Kirk",TOR,"C12","78","184","122.4","17.7","-"
"122","Kazuma Okamoto",TOR,"3B11","90","175","123.3","15.9","-"
"123","Adolis Garcia",PHI,"OF44","79","157","123.6","18.9","-"
"124","Gleyber Torres",DET,"2B14","89","162","124.4","16.9","-"
"125","Kerry Carpenter",DET,"OF45","107","177","128.1","8.3","-"
"126","Jackson Holliday",BAL,"2B15","96","180","128.2","15.8","-"
"127","Colson Montgomery",CWS,"SS19","87","177","129.5","22.4","-"
"128","Isaac Paredes",HOU,"3B12","89","169","130.4","20.1","-"
"129","Max Muncy",LAD,"3B13","84","177","135.9","18.9","-"
"130","Francisco Alvarez",NYM,"C13","92","183","136.3","20.4","-"
"131","Xander Bogaerts",SD,"SS20","100","195","131.4","18.3","-"
"132","Luis Garcia",WSH,"2B16","94","250","137.2","24.7","-"
"133","JJ Wetherholt",STL,"SS21","67","192","132.6","26.3","-"
"134","Caleb Durbin",BOS,"2B17","104","181","138.4","15.6","-"
"135","Jordan Beck",COL,"OF46","114","156","138.8","9.5","-"
"136","Trent Grisham",NYY,"OF47","105","165","139.2","12.1","-"
"137","Alec Bohm",PHI,"3B14","102","188","141.1","18.4","-"
"138","Gabriel Moreno",ARI,"C14","98","233","142.2","25.1","-"
"139","Sal Frelick",MIL,"OF48","86","163","137.2","10.8","-"
"140","Otto Lopez",MIA,"2B18","105","173","137.6","14.0","-"
"141","Ramon Laureano",SD,"OF49","106","160","137.6","11.4","-"
"142","Andrew Vaughn",MIL,"1B21","89","183","142.9","19.2","-"
"143","Konnor Griffin",PIT,"SS22","77","187","133.8","25.2","-"
"144","Kyle Manzardo",CLE,"1B22","98","178","139.2","18.4","-"
"145","Jake Burger",TEX,"1B23","94","195","145.1","18.4","-"
"146","Kevin McGonigle",DET,"SS23","36","173","135.3","23.4","-"
"147","Brendan Donovan",SEA,"2B19","68","164","142.6","16.3","-"
"148","Samuel Basallo",BAL,"C15","83","190","140.8","20.6","-"
"149","Mickey Moniak",COL,"OF50","108","196","146.6","17.6","-"
"150","TJ Friedl",CIN,"OF51","110","175","148.4","14.7","-"
"151","Masyn Winn",STL,"SS24","99","184","148.9","16.7","-"
"152","Marcell Ozuna",PIT,"DH3","101","196","154.7","16.7","-"
"153","Colton Cowser",BAL,"OF52","86","175","150.1","11.2","-"
"154","Carlos Correa",HOU,"SS25","132","178","156.5","11.9","-"
"155","Dylan Crews",WSH,"OF53","90","209","153.5","32.6","-"
"156","Luis Arraez",SF,"2B20","73","204","150.8","21.2","-"
"157","Jose Caballero",NYY,"2B21","110","242","156.0","27.9","-"
"158","Josh Lowe",LAA,"OF54","82","201","166.8","13.6","-"
"159","Jung Hoo Lee",SF,"OF55","139","210","164.3","15.0","-"
"160","Nolan Schanuel",LAA,"1B24","95","241","167.5","23.3","-"
"161","J.T. Realmuto",PHI,"C16","100","275","159.6","30.0","-"
"162","Carter Jensen",KC,"C17","101","249","155.0","28.0","-"
"163","Chase DeLauter",CLE,"OF56","111","217","161.4","23.6","-"
"164","Justin Crawford",PHI,"OF57","119","213","157.6","21.5","-"
"165","Miguel Vargas",CWS,"3B15","124","198","163.9","12.5","-"
"166","Andres Gimenez",TOR,"2B22","136","187","165.9","13.6","-"
"167","Brett Baty",NYM,"3B16","123","200","167.8","13.0","-"
"168","Spencer Steer",CIN,"1B25","120","217","171.8","17.2","-"
"169","Matt Shaw",CHC,"3B17","128","266","177.8","25.7","-"
"170","Giancarlo Stanton",NYY,"RF1","122","230","170.2","18.1","-"
"171","Mark Vientos",NYM,"3B18","125","239","180.7","26.5","-"
"172","Cedric Mullins II",TB,"OF58","92","229","172.2","14.9","-"
"173","Ryan O'Hearn",PIT,"1B26","138","206","168.1","10.6","-"
"174","Dillon Dingler",DET,"C18","140","273","177.3","26.3","-"
"175","Jeff McNeil",ATH,"2B23","136","213","177.7","16.0","-"
"176","Jordan Westburg",BAL,"2B24","108","258","178.3","34.9","-"
"177","Matt Wallner",MIN,"OF59","89","182","168.7","11.8","-"
"178","Kyle Teel",CWS,"C19","105","205","164.7","22.0","-"
"179","Willi Castro",COL,"2B25","83","270","158.9","30.4","-"
"180","Logan O'Hoppe",LAA,"C20","97","274","177.5","27.1","-"
"181","Josh Bell",MIN,"1B27","119","222","181.7","16.3","-"
"182","Evan Carter",TEX,"OF60","120","205","178.2","13.1","-"
"183","Austin Wells",NYY,"C21","137","277","173.7","27.9","-"
"184","Ernie Clement",TOR,"3B19","142","210","173.9","13.4","-"
"185","Jordan Lawlar",ARI,"3B20","120","255","170.2","30.5","-"
"186","Cam Smith",HOU,"RF2","112","224","175.5","23.9","-"
"187","Colt Keith",DET,"2B26","137","205","178.1","13.2","-"
"188","Jasson Dominguez",NYY,"OF61","146","313","193.3","35.3","-"
"189","Carson Benge",NYM,"OF62","99","236","169.8","32.8","-"
"190","Brooks Lee",MIN,"SS26","155","232","192.8","19.5","-"
"191","Tyler Stephenson",CIN,"C22","133","281","183.6","31.4","-"
"192","Brandon Marsh",PHI,"OF63","153","241","187.1","19.9","-"
"193","Dominic Canzone",SEA,"OF64","164","258","196.5","19.2","-"
"194","Anthony Volpe",NYY,"SS27","146","240","195.2","21.6","-"
"195","Nolan Arenado",ARI,"3B21","146","265","188.5","27.0","-"
"196","Jorge Soler",LAA,"OF65","138","225","198.1","18.3","-"
"197","Ryan Jeffers",MIN,"C23","134","283","184.9","32.4","-"
"198","Harrison Bader",SF,"OF66","163","257","194.1","21.0","-"
"199","Tyler O'Neill",BAL,"OF67","80","253","195.3","29.6","-"
"200","Victor Scott",STL,"OF68","161","231","191.9","12.7","-"
"201","Tommy Edman",LAD,"2B27","170","255","207.8","25.8","-"
"202","Josh Jung",TEX,"3B22","153","264","192.4","24.7","-"
"203","Marcelo Mayer",BOS,"2B28","141","235","201.8","25.0","-"
"204","Jordan Walker",STL,"OF69","166","220","196.2","13.9","-"
"205","Owen Caissie",MIA,"OF70","152","242","204.8","18.0","-"
"206","Jake Cronenworth",SD,"2B29","165","238","200.9","21.0","-"
"207","Chase Meidroth",CWS,"3B23","166","220","201.2","11.7","-"
"208","J.P. Crawford",SEA,"SS28","166","280","216.2","32.8","-"
"209","Jake McCarthy",COL,"OF71","126","232","197.4","17.4","-"
"210","Austin Hays",CWS,"OF72","174","209","199.7","7.1","-"
"211","Moises Ballesteros",CHC,"C24","155","251","208.4","27.2","-"
"212","Jonathan India",KC,"2B30","168","261","208.7","19.2","-"
"213","Dylan Beavers",BAL,"OF73","173","238","209.3","22.1","-"
"214","Coby Mayo",BAL,"1B28","143","343","213.1","41.7","-"
"215","Josh Smith",TEX,"SS29","167","226","198.7","15.4","-"
"216","Mike Yastrzemski",ATL,"OF74","117","250","207.5","20.5","-"
"217","Spencer Horwitz",PIT,"1B29","134","274","216.4","27.3","-"
"218","Edgar Quero",CWS,"C25","176","279","209.8","25.5","-"
"219","Jesus Sanchez",TOR,"OF75","142","235","202.9","11.9","-"
"220","Bryce Eldridge",SF,"1B30","153","297","217.6","39.2","-"
"221","Lars Nootbaar",STL,"OF76","168","329","222.0","42.0","-"
"222","Nolan Gorman",STL,"2B31","150","242","215.1","18.4","-"
"223","Lenyn Sosa",TOR,"2B32","149","245","209.7","17.2","-"
"224","Nick Castellanos",SD,"OF77","138","261","217.2","26.7","-"
"225","Carlos Narvaez",BOS,"C26","168","278","211.1","26.6","-"
"226","Andrew Benintendi",CWS,"OF78","185","243","212.6","19.6","-"
"227","Luisangel Acuna",CWS,"2B33","143","235","195.9","23.7","-"
"228","Gavin Sheets",SD,"1B31","159","234","218.3","18.1","-"
"229","Zach McKinstry",DET,"3B24","193","253","218.5","18.0","-"
"230","Nasim Nunez",WSH,"SS30","147","247","210.1","19.9","-"
"231","Isaac Collins",KC,"LF1","146","237","219.7","12.1","-"
"232","Joey Ortiz",MIL,"SS31","172","286","222.7","27.3","-"
"233","Ryan McMahon",NYY,"3B25","159","267","231.5","20.2","-"
"234","Jake Meyers",HOU,"OF79","202","255","226.7","17.3","-"
"235","Connor Norby",MIA,"3B26","178","246","219.4","18.7","-"
"236","Luis Rengifo",MIL,"2B34","164","265","228.1","18.9","-"
"237","Carson Kelly",CHC,"C27","191","282","230.7","22.4","-"
"238","Trevor Larnach",MIN,"OF80","152","265","238.3","18.4","-"
"239","Brady House",WSH,"3B27","181","269","233.4","18.2","-"
"240","Bo Naylor",CLE,"C28","177","276","217.7","27.1","-"
"241","Anthony Santander",TOR,"OF81","85","445","262.2","103.7","-"
"242","Victor Robles",SEA,"OF82","164","283","241.4","26.7","-"
"243","Jake Mangum",PIT,"OF83","183","263","234.3","15.6","-"
"244","Parker Meadows",DET,"OF84","163","272","243.6","26.4","-"
"245","Cole Young",SEA,"2B35","190","287","231.6","23.7","-"
"246","Freddy Fermin",SD,"C29","201","285","241.0","20.6","-"
"247","Rhys Hoskins",CLE,"1B32","171","272","245.8","16.8","-"
"248","Jared Triolo",PIT,"2B36","206","253","239.1","10.4","-"
"249","Lourdes Gurriel Jr.",ARI,"OF85","182","252","231.3","10.3","-"
"250","Nick Gonzales",PIT,"2B37","145","328","255.0","42.6","-"
"251","Lane Thomas",KC,"OF86","195","261","240.7","12.8","-"
"252","Wenceel Perez",DET,"CF4","168","284","251.6","23.9","-"
"253","Max Muncy",ATH,"SS32","191","277","238.0","23.1","-"
"254","Garrett Mitchell",MIL,"OF87","204","307","247.8","24.8","-"
"255","Victor Caratini",MIN,"C30","211","285","240.1","22.7","-"
"256","Denzel Clarke",ATH,"OF88","224","254","241.1","11.1","-"
"257","Carson Williams",TB,"SS33","212","287","250.2","20.7","-"
"258","Ha-Seong Kim",ATL,"SS34","172","310","262.6","25.0","-"
"259","Ke'Bryan Hayes",CIN,"3B28","207","299","257.8","26.3","-"
"260","Colt Emerson",SEA,"SS35","222","338","263.9","29.5","-"
"261","Paul Goldschmidt",NYY,"1B33","149","290","261.3","15.5","-"
"262","Keibert Ruiz",WSH,"C31","199","294","257.5","21.5","-"
"263","Pavin Smith",ARI,"1B34","188","302","258.8","24.7","-"
"264","Triston Casas",BOS,"1B35","167","379","280.8","46.5","-"
"265","Kody Clemens",MIN,"1B36","192","294","262.5","20.9","-"
"266","Miguel Andujar",SD,"OF89","242","277","255.6","10.6","-"
"267","Patrick Bailey",SF,"C32","233","280","260.3","13.5","-"
"268","Brayan Rocchio",CLE,"SS36","216","276","256.3","10.3","-"
"269","Gabriel Arias",CLE,"2B38","227","290","270.5","16.7","-"
"270","TJ Rumfield",COL,"1B37","204","275","252.8","14.4","-"
"271","Harry Ford",WSH,"C33","243","313","275.6","18.2","-"
"272","Alek Thomas",ARI,"OF90","231","310","273.3","22.4","-"
"273","Jacob Melton",TB,"OF91","159","439","303.0","58.2","-"
"274","Jared Jones",PIT,"1B38","202","268","230.3","27.7","-"
"275","Sean Murphy",ATL,"C34","230","332","275.0","31.6","-"
"276","Christopher Morel",MIA,"LF2","256","313","278.0","15.7","-"
"277","Danny Jansen",TEX,"C35","253","297","272.5","15.5","-"
"278","Miguel Amaya",CHC,"C36","255","300","273.3","14.2","-"
"279","Mauricio Dubon",ATL,"OF92","229","304","274.3","18.4","-"
"280","Ryan Waldschmidt",ARI,"OF93","192","392","291.9","47.9","-"
"281","Javier Baez",DET,"SS37","236","292","276.0","10.3","-"
"282","Gavin Lux",TB,"2B39","235","300","281.6","17.2","-"
"283","Travis Bazzana",CLE,"2B40","168","391","293.3","49.5","-"
"284","Kristian Campbell",BOS,"2B41","204","485","309.0","70.4","-"
"285","Yoan Moncada",LAA,"3B29","258","279","271.4","5.1","-"
"286","Jacob Young",WSH,"OF94","253","289","273.6","13.6","-"
"287","Luis Garcia",FA,"SS38","156","282","219.0","63.0","-"
"288","Kyle Isbel",KC,"OF95","233","352","284.6","44.4","-"
"289","Angel Martinez",CLE,"LF3","245","340","282.2","32.5","-"
"290","Joc Pederson",TEX,"DH4","215","388","299.2","51.1","-"
"291","Luke Raley",SEA,"OF96","260","311","278.2","18.7","-"
"292","Kyle Higashioka",TEX,"C37","273","314","284.8","13.7","-"
"293","Joshua Baez",STL,"OF97","249","473","312.7","73.1","-"
"294","Pedro Pages",STL,"C38","264","319","287.2","17.8","-"
"295","Brice Matthews",HOU,"2B42","243","528","322.8","94.5","-"
"296","Liam Hicks",MIA,"C39","272","321","288.5","16.0","-"
"297","Joey Loperfido",HOU,"OF98","278","290","283.6","4.1","-"
"298","Hyeseong Kim",LAD,"2B43","237","433","309.0","56.2","-"
"299","Tyler Freeman",COL,"2B44","274","320","291.7","15.0","-"
"300","Romy Gonzalez",BOS,"2B45","197","336","299.5","33.9","-"
"301","Christian Moore",LAA,"2B46","226","324","295.2","34.6","-"
"302","Jake Bauers",MIL,"1B39","261","331","294.3","20.6","-"
"303","Nolan Jones",CLE,"OF99","192","505","384.3","121.5","-"
"304","Charlie Condon",COL,"1B40","256","405","310.3","47.9","-"
"305","Jett Williams",MIL,"SS39","262","447","323.2","62.8","-"
"306","Nathan Lukes",TOR,"OF100","283","309","293.5","10.7","-"
"307","CJ Kayfus",CLE,"1B41","246","357","305.5","29.5","-"
"308","Davis Schneider",TOR,"2B47","239","385","317.4","51.7","-"
"309","Jose Siri",LAA,"OF101","209","580","394.5","185.5","-"
"310","Jake Fraley",TB,"OF102","211","318","293.4","21.1","-"
"311","Josh Rojas",KC,"3B30","212","576","394.0","182.0","-"
"312","Zach Cole",HOU,"OF103","269","306","296.5","8.0","-"
"313","Brooks Baldwin",CWS,"2B48","271","343","301.7","21.5","-"
"314","David Fry",CLE,"DH5","216","383","336.3","69.6","-"
"315","Sung-Mun Song",SD,"2B49","237","357","320.0","39.6","-"
"316","Kris Bryant",COL,"DH6","217","575","395.7","146.2","-"
"317","Blaze Alexander",BAL,"2B50","267","327","302.0","11.4","-"
"318","Ryan Mountcastle",BAL,"1B42","227","370","314.2","47.0","-"
"319","Nathaniel Lowe",CIN,"1B43","228","352","313.0","43.6","-"
"320","Matt Vierling",DET,"OF104","287","311","296.0","9.4","-"
"321","Jhostynxon Garcia",PIT,"OF105","226","374","314.4","31.3","-"
"322","Dalton Rushing",LAD,"C40","234","347","306.7","21.9","-"
"323","Will Benson",CIN,"OF106","269","372","310.2","34.3","-"
"324","Adael Amador",COL,"2B51","242","446","371.6","71.0","-"
"325","Edouard Julien",COL,"2B52","244","333","303.2","18.5","-"
"326","Joey Bart",PIT,"C41","265","322","301.0","14.3","-"
"327","Troy Johnston",COL,"1B44","263","368","310.8","27.7","-"
"328","Spencer Jones",NYY,"OF107","264","562","351.8","107.0","-"
"329","Zac Veen",COL,"OF108","272","454","327.0","58.7","-"
"330","Henry Davis",PIT,"C42","292","357","308.6","24.3","-"
"331","Isiah Kiner-Falefa",BOS,"3B31","291","378","325.4","40.2","-"
"332","Tim Tawa",ARI,"2B53","260","429","330.5","51.1","-"
"333","Masataka Yoshida",BOS,"OF109","223","347","312.6","25.2","-"
"334","Kyle Karros",COL,"3B32","245","331","306.8","18.4","-"
"335","Joe Mack",MIA,"C43","292","307","301.6","5.8","-"
"336","Jonah Heim",ATL,"C44","260","359","326.6","35.5","-"
"337","Christian Encarnacion-Strand",BAL,"1B45","263","533","391.8","96.9","-"
"338","Griffin Conine",MIA,"OF110","254","337","310.8","15.7","-"
"339","Aidan Miller",PHI,"SS40","289","548","352.6","98.7","-"
"340","Max Clark",DET,"OF111","266","342","313.0","33.5","-"
"341","Nelson Velazquez",STL,"OF112","270","458","348.0","68.6","-"
"342","Casey Schmitt",SF,"3B33","296","328","311.5","12.1","-"
"343","Nick Fortes",TB,"C45","295","329","310.0","12.5","-"
"344","Greg Bird",FA,"1B46","279","279","279.0","0.0","-"
"345","Austin Martin",MIN,"2B54","291","339","317.0","17.8","-"
"346","Walker Jenkins",MIN,"OF113","303","516","351.4","82.9","-"
"347","Thomas Saggese",STL,"2B55","292","369","328.0","30.0","-"
"348","Carlos Santana",ARI,"1B47","298","329","311.0","11.9","-"
"349","Edmundo Sosa",PHI,"SS41","293","326","314.8","12.2","-"
"350","Colby Thomas",ATH,"OF114","291","377","332.2","29.4","-"
"351","Ronny Mauricio",NYM,"2B56","298","441","353.3","49.0","-"
"352","George Valera",CLE,"OF115","299","383","335.0","34.4","-"
"353","Nathan Church",STL,"OF116","294","382","342.2","30.6","-"
"354","Miguel Rojas",LAD,"SS42","297","396","338.0","34.0","-"
"355","Heriberto Hernandez",MIA,"OF117","299","330","316.6","10.4","-"
"356","Zack Gelof",ATH,"2B57","240","416","348.7","37.8","-"
"357","Graham Pauley",MIA,"3B34","302","376","341.0","34.6","-"
"358","Jose Trevino",CIN,"C46","302","359","332.7","23.5","-"
"359","Ben Williamson",TB,"3B35","252","351","332.2","17.1","-"
"360","Esteury Ruiz",MIA,"OF118","306","440","382.0","45.9","-"
"361","Amed Rosario",NYY,"2B58","307","386","344.5","32.2","-"
"362","Starling Marte",KC,"OF119","308","382","345.0","26.2","-"
"363","Javier Sanoja",MIA,"2B59","288","354","330.8","17.0","-"
"364","Brandon Lockridge",MIL,"OF120","309","443","365.8","43.4","-"
"365","James McCann",ARI,"C47","309","365","337.3","22.9","-"
"366","Connor Wong",BOS,"C48","310","377","342.0","24.1","-"
"367","David Hamilton",MIL,"SS43","310","346","328.0","14.2","-"
"368","Emmanuel Rodriguez",MIN,"OF121","312","538","389.3","87.6","-"
"369","Jonny DeLuca",TB,"OF122","312","381","340.5","28.7","-"
"370","Jerar Encarnacion",SF,"OF123","314","434","373.2","40.7","-"
"371","JJ Bleday",CIN,"OF124","314","360","335.8","15.2","-"
"372","Luis Torrens",NYM,"C49","315","364","332.3","19.8","-"
"373","Gary Sanchez",MIL,"C50","316","395","344.0","30.2","-"
"374","Travis d'Arnaud",LAA,"C51","317","400","356.8","31.5","-"
"375","Juan Montes",FA,"OF125","318","318","318.0","0.0","-"
"376","Dane Myers",CIN,"OF126","319","415","366.0","39.2","-"
"377","Ryan Ritter",COL,"SS44","320","353","339.0","12.2","-"
"378","Hunter Feduccia",TB,"C52","323","432","377.5","54.5","-"
"379","Tyrone Taylor",NYM,"OF127","325","434","379.5","54.5","-"
"380","Hector Rodriguez",CIN,"OF128","326","624","470.0","121.9","-"
"381","Yohel Pozo",STL,"C53","328","394","361.0","33.0","-"
"382","Jake Rogers",DET,"C54","329","468","398.5","69.5","-"
"383","Sam Haggerty",TEX,"OF129","330","507","418.5","88.5","-"
"384","Leo De Vries",ATH,"SS45","333","604","438.7","118.4","-"
"385","Michael Massey",KC,"2B60","334","436","369.7","47.0","-"
"386","James Outman",MIN,"OF130","334","406","371.8","25.8","-"
"387","Andres Chaparro",WSH,"1B48","336","417","375.0","33.1","-"
"388","Michael Conforto",CHC,"OF131","336","409","371.3","29.8","-"
"389","Daniel Schneemann",CLE,"SS46","337","393","366.0","24.4","-"
"390","Ramon Urias",STL,"3B36","337","385","365.3","20.5","-"
"391","Rob Refsnyder",SEA,"OF132","339","422","380.5","41.5","-"
"392","Ezequiel Duran",TEX,"3B37","341","370","356.5","10.8","-"
"393","Jorge Mateo",ATL,"2B61","341","361","355.0","8.2","-"
"394","Wilmer Flores",FA,"1B49","342","712","477.3","166.6","-"
"395","Everson Pereira",CWS,"OF133","342","514","428.0","86.0","-"
"396","Ty France",SD,"1B50","342","411","374.3","27.0","-"
"397","Oswald Peraza",LAA,"3B38","344","449","380.8","42.7","-"
"398","Braxton Fulford",COL,"C55","344","397","370.5","26.5","-"
"399","Adam Frazier",LAA,"2B62","344","356","349.3","5.0","-"
"400","Robert Hassell III",WSH,"OF134","348","443","392.3","39.0","-"
"401","Otto Kemp",PHI,"3B39","348","380","360.0","12.7","-"
"402","Alex Freeland",LAD,"SS47","349","449","393.7","41.5","-"
"403","Jeremiah Jackson",BAL,"3B40","350","399","370.3","17.9","-"
"404","Austin Wynns",ATH,"C56","350","395","372.5","22.5","-"
"405","Dylan Moore",PHI,"2B63","351","405","375.7","22.3","-"
"406","Jimmy Crooks III",STL,"C57","352","391","376.0","17.1","-"
"407","Taylor Walls",TB,"SS48","354","393","370.8","15.2","-"
"408","Jesus Made",MIL,"SS49","354","361","357.5","3.5","-"
"409","Luis Campusano",SD,"C58","355","410","382.5","27.5","-"
"410","Mitch Garver",SEA,"C59","355","361","358.0","3.0","-"
"411","Rafael Marchan",PHI,"C60","357","416","386.5","29.5","-"
"412","Ryan Ward",LAD,"OF135","358","633","489.3","112.6","-"
"413","Max Kepler",FA,"OF136","359","513","434.7","62.9","-"
"414","Dominic Smith",ATL,"1B51","361","384","370.3","9.9","-"
"415","Santiago Espinal",LAD,"2B64","362","475","403.3","50.9","-"
"416","Reese McGuire",FA,"C61","362","456","409.0","47.0","-"
"417","J.C. Escarra",NYY,"C62","363","464","413.5","50.5","-"
"418","Jeferson Quero",MIL,"C63","363","451","401.3","36.8","-"
"419","Blaine Crim",COL,"1B52","363","407","389.3","16.8","-"
"420","Drew Millas",WSH,"C64","364","364","364.0","0.0","-"
"421","Luis Matos",MIL,"OF137","366","398","386.0","14.2","-"
"422","Curtis Mead",WSH,"3B41","367","515","422.7","65.8","-"
"423","Adrian Del Castillo",ARI,"C65","367","433","393.7","28.4","-"
"424","Richie Palacios",TB,"OF138","367","430","398.5","31.5","-"
"425","Daniel Susac",SF,"C66","368","397","382.5","14.5","-"
"426","Jesse Winker",FA,"LF4","368","373","370.5","2.5","-"
"427","Eric Wagaman",NYM,"1B53","369","465","402.8","36.8","-"
"428","Tyler Heineman",TOR,"C67","369","375","372.0","3.0","-"
"429","Tommy Pham",FA,"OF139","371","413","388.3","17.9","-"
"430","Sam Antonacci",CWS,"2B65","372","617","494.5","122.5","-"
"431","Jose Tena",WSH,"2B66","372","469","409.0","42.8","-"
"432","Vaughn Grissom",LAA,"2B67","373","437","391.5","26.4","-"
"433","Michael Toglia",CIN,"1B54","375","603","469.0","97.3","-"
"434","Christian Vazquez",HOU,"C68","375","375","375.0","0.0","-"
"435","Alan Roden",MIN,"OF140","376","462","408.7","38.0","-"
"436","Andrew McCutchen",TEX,"OF141","377","396","384.3","8.3","-"
"437","Sebastian Walcott",TEX,"SS50","378","702","540.0","162.0","-"
"438","Darell Hernaiz",ATH,"SS51","378","403","391.3","10.3","-"
"439","Andruw Monasterio",BOS,"2B68","379","461","418.0","33.6","-"
"440","Braden Montgomery",CWS,"OF142","380","499","428.0","51.2","-"
"441","Kaelen Culpepper",MIN,"SS52","382","696","495.7","142.1","-"
"442","Rowdy Tellez",ATL,"1B55","382","498","432.7","48.5","-"
"443","Randal Grichuk",NYY,"OF143","383","425","404.0","21.0","-"
"444","Tyler Locklear",ARI,"1B56","384","475","429.5","45.5","-"
"445","Cooper Ingle",CLE,"C69","384","465","424.5","40.5","-"
"446","Nick Yorke",PIT,"2B69","384","438","408.0","19.4","-"
"447","Leo Rivas",SEA,"SS53","387","448","421.0","25.4","-"
"448","Jose Iglesias",FA,"2B70","388","487","441.7","40.8","-"
"449","Andy Ibanez",NYM,"2B71","389","500","426.0","52.3","-"
"450","Drew Gilbert",SF,"OF144","389","488","438.7","40.4","-"
"451","Henry Bolte",ATH,"OF145","389","389","389.0","0.0","-"
"452","Jeimer Candelario",LAA,"3B42","390","513","444.7","51.1","-"
"453","Richard Palacios",CLE,"2B72","390","390","390.0","0.0","-"
"454","Jose Fermin",STL,"2B73","391","488","426.7","43.6","-"
"455","Warming Bernabel",FA,"1B57","392","558","491.0","71.5","-"
"456","Cody Freeman",TEX,"2B74","392","519","443.7","54.5","-"
"457","Andrew Fischer",MIL,"3B43","392","392","392.0","0.0","-"
"458","Thairo Estrada",FA,"2B75","393","478","419.8","34.4","-"
"459","Alejandro Osuna",TEX,"OF146","394","537","468.3","58.5","-"
"460","Nick Allen",HOU,"SS54","394","518","454.3","50.7","-"
"461","Brett Sullivan",COL,"C70","395","442","418.5","23.5","-"
"462","J.D. Martinez",FA,"DH7","396","396","396.0","0.0","-"
"463","Nelson Rada",LAA,"OF147","397","536","447.0","63.1","-"
"464","Orlando Arcia",MIN,"SS55","397","524","460.5","63.5","-"
"465","Kevin Alcantara",CHC,"OF148","398","560","471.0","67.1","-"
"466","Riley Adams",WSH,"C71","398","398","398.0","0.0","-"
"467","Luke Maile",KC,"C72","399","399","399.0","0.0","-"
"468","Eli White",ATL,"OF149","400","412","406.0","6.0","-"
"469","Heston Kjerstad",BAL,"LF5","401","556","471.7","64.0","-"
"470","Enrique Hernandez",LAD,"2B76","401","403","402.0","1.0","-"
"471","Alex Call",LAD,"OF150","402","402","402.0","0.0","-"
"472","Ryan Clifford",NYM,"1B58","404","611","486.3","89.7","-"
"473","Tyler Black",MIL,"1B59","404","602","503.0","99.0","-"
"474","Austin Hedges",CLE,"C73","404","404","404.0","0.0","-"
"475","Tyler Fitzgerald",LAD,"2B77","406","542","477.7","55.8","-"
"476","Endy Rodriguez",PIT,"C74","406","523","464.5","58.5","-"
"477","Tom Murphy",FA,"C75","410","410","410.0","0.0","-"
"478","George Lombard",NYY,"SS56","411","411","411.0","0.0","-"
"479","Bryce Teodosio",LAA,"OF151","413","512","462.5","49.5","-"
"480","Jahmai Jones",DET,"LF6","414","419","416.5","2.5","-"
"481","Abimelec Ortiz",WSH,"1B60","415","426","420.5","5.5","-"
"482","Elias Diaz",KC,"C76","417","441","429.0","12.0","-"
"483","Tyler Austin",CHC,"1B61","418","418","418.0","0.0","-"
"484","Jesus Rodriguez",SF,"C77","419","421","420.0","1.0","-"
"485","Enrique Bradfield Jr.",BAL,"OF152","420","420","420.0","0.0","-"
"486","Will Brennan",SF,"OF153","421","454","437.5","16.5","-"
"487","Cesar Salazar",HOU,"C78","422","422","422.0","0.0","-"
"488","Rece Hinds",CIN,"OF154","423","584","503.5","80.5","-"
"489","Myles Straw",TOR,"OF155","423","457","440.0","17.0","-"
"490","Blake Perkins",MIL,"OF156","424","505","464.5","40.5","-"
"491","Dom Keegan",TB,"C79","425","425","425.0","0.0","-"
"492","Korey Lee",CWS,"C80","426","473","449.5","23.5","-"
"493","Andrew Knizner",COL,"C81","427","430","428.5","1.5","-"
"494","Derek Hill",CWS,"OF157","427","427","427.0","0.0","-"
"495","Tyler Tolbert",KC,"LF7","428","496","462.0","34.0","-"
"496","Carlos Cortes",ATH,"OF158","431","466","448.5","17.5","-"
"497","Jhonkensy Noel",BAL,"RF3","435","591","513.0","78.0","-"
"498","Austin Barnes",FA,"C82","435","435","435.0","0.0","-"
"499","Chris Taylor",LAA,"2B78","436","436","436.0","0.0","-"
"500","Ryan Vilade",TB,"LF8","437","437","437.0","0.0","-"
"501","Jon Berti",FA,"3B44","438","438","438.0","0.0","-"
"502","Eloy Jimenez",TOR,"OF159","440","503","471.5","31.5","-"
"503","Mickey Gasper",BOS,"C83","442","442","442.0","0.0","-"
"504","Alex Jackson",MIN,"C84","444","444","444.0","0.0","-"
"505","Max Anderson",DET,"2B79","445","635","540.0","95.0","-"
"506","Oswaldo Cabrera",NYY,"3B45","446","501","473.5","27.5","-"
"507","Hao-Yu Lee",DET,"2B80","447","665","556.0","109.0","-"
"508","Ryan Bliss",SEA,"2B81","448","464","456.0","8.0","-"
"509","Jack Suwinski",LAD,"OF160","450","526","488.0","38.0","-"
"510","Jonathon Long",CHC,"1B62","452","647","549.5","97.5","-"
"511","Bryce Johnson",SD,"OF161","452","452","452.0","0.0","-"
"512","Bobby Bradley",FA,"1B63","453","453","453.0","0.0","-"
"513","Willie MacIver",TOR,"C85","453","453","453.0","0.0","-"
"514","Chadwick Tromp",ATL,"C86","455","455","455.0","0.0","-"
"515","Austin Slater",NYM,"OF162","456","456","456.0","0.0","-"
"516","Jorge Alfaro",KC,"C87","457","457","457.0","0.0","-"
"517","Max Schuemann",NYY,"2B82","459","559","509.0","50.0","-"
"518","Mike Tauchman",NYM,"OF163","459","489","474.0","15.0","-"
"519","Kyle McCann",COL,"C88","460","460","460.0","0.0","-"
"520","Dylan Carlson",CHC,"OF164","461","500","480.5","19.5","-"
"521","Jhonny Pereda",SEA,"C89","462","462","462.0","0.0","-"
"522","Austin Meadows",FA,"OF165","463","463","463.0","0.0","-"
"523","Alex Verdugo",SD,"OF166","463","463","463.0","0.0","-"
"524","Nick Loftin",KC,"2B83","466","466","466.0","0.0","-"
"525","Ben Rortvedt",NYM,"C90","467","467","467.0","0.0","-"
"526","Josue Briceno",DET,"C91","467","467","467.0","0.0","-"
"527","Eric Haase",SF,"C92","468","468","468.0","0.0","-"
"528","Rodolfo Duran",SD,"C93","469","469","469.0","0.0","-"
"529","Drew Romo",CWS,"C94","470","470","470.0","0.0","-"
"530","Will Banfield",CIN,"C95","471","471","471.0","0.0","-"
"531","Leonardo Bernal",STL,"C96","471","471","471.0","0.0","-"
"532","Jarred Kelenic",CWS,"OF167","472","531","501.5","29.5","-"
"533","Brandon Valenzuela",TOR,"C97","472","472","472.0","0.0","-"
"534","Joey Wiemer",WSH,"OF168","474","487","480.5","6.5","-"
"535","Deyvison De Los Santos",MIA,"3B46","476","535","505.5","29.5","-"
"536","Sebastian Rivero",LAA,"C98","476","476","476.0","0.0","-"
"537","Matt Thaiss",BOS,"C99","477","477","477.0","0.0","-"
"538","Tomas Nido",DET,"C100","478","478","478.0","0.0","-"
"539","Brian Serven",ATH,"C101","479","479","479.0","0.0","-"
"540","Josue De Paula",LAD,"OF169","479","479","479.0","0.0","-"
"541","Kemp Alderman",MIA,"OF170","480","643","561.5","81.5","-"
"542","Blake Hunt",SD,"C102","480","480","480.0","0.0","-"
"543","Shay Whitcomb",HOU,"3B47","481","652","566.5","85.5","-"
"544","Zach Dezenzo",HOU,"LF9","481","527","504.0","23.0","-"
"545","LuJames Groover",ARI,"3B48","482","482","482.0","0.0","-"
"546","Shane McGuire",ATH,"C103","482","482","482.0","0.0","-"
"547","Jace Jung",DET,"3B49","483","554","518.5","35.5","-"
"548","Justyn-Henry Malloy",TB,"OF171","483","483","483.0","0.0","-"
"549","Nacho Alvarez Jr.",ATL,"3B50","484","572","528.0","44.0","-"
"550","Seby Zavala",FA,"C104","484","484","484.0","0.0","-"
"551","Maximo Acosta",MIA,"SS57","486","707","596.5","110.5","-"
"552","Hayden Senger",NYM,"C105","486","486","486.0","0.0","-"
"553","Sam Huff",BAL,"C106","489","489","489.0","0.0","-"
"554","Jose Fernandez",ARI,"SS58","490","490","490.0","0.0","-"
"555","Maverick Handley",BAL,"C107","490","490","490.0","0.0","-"
"556","Trey Sweeney",DET,"SS59","491","577","534.0","43.0","-"
"557","Jason Delay",BOS,"C108","491","491","491.0","0.0","-"
"558","Blake Sabol",TB,"C109","492","492","492.0","0.0","-"
"559","Jacob Reimer",NYM,"3B51","492","492","492.0","0.0","-"
"560","Jose Miranda",SD,"3B52","493","628","560.5","67.5","-"
"561","Chad Wallach",ATH,"C110","493","493","493.0","0.0","-"
"562","Justin Foscue",TEX,"1B64","494","599","546.5","52.5","-"
"563","Jose Herrera",TEX,"C111","494","494","494.0","0.0","-"
"564","Leody Taveras",BAL,"OF172","495","507","501.0","6.0","-"
"565","Eliezer Alfonzo",LAD,"C112","495","495","495.0","0.0","-"
"566","Dom Nunez",CLE,"C113","496","496","496.0","0.0","-"
"567","Christian Koss",SF,"2B84","497","506","501.5","4.5","-"
"568","Sandy Leon",ATL,"C114","497","497","497.0","0.0","-"
"569","Bo Davidson",SF,"OF173","498","498","498.0","0.0","-"
"570","Braiden Ward",BOS,"OF174","499","499","499.0","0.0","-"
"571","Johnathan Rodriguez",BAL,"OF175","501","504","502.5","1.5","-"
"572","Justin Turner",FA,"1B65","502","502","502.0","0.0","-"
"573","Mike Sirota",LAD,"OF176","502","502","502.0","0.0","-"
"574","Kameron Misner",KC,"OF177","503","565","534.0","31.0","-"
"575","Ethan Salas",SD,"C115","504","504","504.0","0.0","-"
"576","Tommy Troy",ARI,"2B85","506","570","538.0","32.0","-"
"577","Michael Helman",TEX,"OF178","508","521","514.5","6.5","-"
"578","Juan Brito",CLE,"1B66","508","510","509.0","1.0","-"
"579","Jared Oliva",SF,"OF179","509","509","509.0","0.0","-"
"580","Cooper Pratt",MIL,"SS60","509","509","509.0","0.0","-"
"581","John Rave",KC,"OF180","510","510","510.0","0.0","-"
"582","MJ Melendez",NYM,"OF181","511","519","515.0","4.0","-"
"583","Jorge Barrosa",ARI,"OF182","511","511","511.0","0.0","-"
"584","Johan Rojas",PHI,"OF183","512","512","512.0","0.0","-"
"585","Brett Harris",ATH,"3B53","514","514","514.0","0.0","-"
"586","Rafael Flores",PIT,"C116","515","552","533.5","18.5","-"
"587","Yanquiel Fernandez",NYY,"OF184","516","541","528.5","12.5","-"
"588","Jorbit Vivas",WSH,"2B86","517","517","517.0","0.0","-"
"589","Phillip Glasser",WSH,"OF185","517","517","517.0","0.0","-"
"590","Bryan Torres",STL,"OF186","518","610","564.0","46.0","-"
"591","Junior Perez",ATH,"OF187","520","569","544.5","24.5","-"
"592","Tristan Gray",MIN,"2B87","520","520","520.0","0.0","-"
"593","Esmerlyn Valdez",PIT,"RF4","521","585","553.0","32.0","-"
"594","Tirso Ornelas",SD,"OF188","522","522","522.0","0.0","-"
"595","Ryan Walker",FA,"SS61","522","522","522.0","0.0","-"
"596","Tre' Morgan",TB,"1B67","524","600","562.0","38.0","-"
"597","Gabriel Gonzalez",MIN,"OF189","525","551","538.0","13.0","-"
"598","Nate Eaton",BOS,"OF190","525","525","525.0","0.0","-"
"599","LaMonte Wade Jr.",CWS,"OF191","526","526","526.0","0.0","-"
"600","DJ LeMahieu",FA,"1B68","527","527","527.0","0.0","-"
"601","Payton Eeles",BAL,"2B88","528","528","528.0","0.0","-"
"602","Mark Canha",FA,"OF192","529","529","529.0","0.0","-"
"603","Kyle Farmer",ATL,"SS62","530","530","530.0","0.0","-"
"604","Gio Urshela",FA,"3B54","532","532","532.0","0.0","-"
"605","Chas McCormick",CHC,"OF193","534","534","534.0","0.0","-"
"606","Brendan Rodgers",BOS,"2B89","539","539","539.0","0.0","-"
"607","Ildemaro Vargas",ARI,"1B69","540","540","540.0","0.0","-"
"608","Nick Sogard",BOS,"1B70","543","543","543.0","0.0","-"
"609","Matthew Lugo",LAA,"LF10","544","544","544.0","0.0","-"
"610","Luis Urias",ARI,"3B55","545","545","545.0","0.0","-"
"611","Kyren Paris",LAA,"2B90","546","546","546.0","0.0","-"
"612","Will Wagner",SD,"1B71","547","547","547.0","0.0","-"
"613","Paul DeJong",NYY,"SS63","549","549","549.0","0.0","-"
"614","Billy Cook",PIT,"OF194","550","550","550.0","0.0","-"
"615","Grant McCray",SF,"OF195","553","553","553.0","0.0","-"
"616","Gabriel Rincones",PHI,"OF196","555","555","555.0","0.0","-"
"617","Christian Franklin",WSH,"OF197","557","557","557.0","0.0","-"
"618","Stuart Fairchild",CLE,"OF198","561","561","561.0","0.0","-"
"619","Tyler Callihan",PIT,"2B91","563","563","563.0","0.0","-"
"620","Orelvis Martinez",FA,"2B92","564","564","564.0","0.0","-"
"621","Ryan Kreidler",MIN,"CF5","566","566","566.0","0.0","-"
"622","Taylor Trammell",HOU,"OF199","567","567","567.0","0.0","-"
"623","Tanner Murray",CWS,"SS64","568","568","568.0","0.0","-"
"624","Petey Halpin",CLE,"OF200","571","571","571.0","0.0","-"
"625","Yohandy Morales",WSH,"3B56","573","573","573.0","0.0","-"
"626","Tyler Wade",FA,"2B93","574","574","574.0","0.0","-"
"627","Mason McCoy",SD,"SS65","578","578","578.0","0.0","-"
"628","Manuel Margot",FA,"OF201","579","579","579.0","0.0","-"
"629","Jonatan Clase",TOR,"OF202","581","581","581.0","0.0","-"
"630","Ben Gamel",ATL,"OF203","582","582","582.0","0.0","-"
"631","Dairon Blanco",TEX,"OF204","583","583","583.0","0.0","-"
"632","Enmanuel Valdez",PIT,"1B72","586","586","586.0","0.0","-"
"633","Garrett Hampson",CIN,"2B94","587","587","587.0","0.0","-"
"634","Tim Anderson",FA,"SS66","588","588","588.0","0.0","-"
"635","Akil Baddoo",MIL,"OF205","589","589","589.0","0.0","-"
"636","Pedro Leon",PHI,"OF206","590","590","590.0","0.0","-"
"637","Joey Meneses",ATH,"1B73","592","592","592.0","0.0","-"
"638","Nick Madrigal",LAA,"2B95","593","593","593.0","0.0","-"
"639","Vidal Brujan",NYM,"3B57","594","594","594.0","0.0","-"
"640","Gustavo Campero",LAA,"RF5","595","595","595.0","0.0","-"
"641","Jared Young",NYM,"1B74","596","596","596.0","0.0","-"
"642","Bryan De La Cruz",PHI,"OF207","597","597","597.0","0.0","-"
"643","Ji Hwan Bae",NYM,"OF208","598","598","598.0","0.0","-"
"644","Brock Wilken",MIL,"3B58","601","601","601.0","0.0","-"
"645","Drew Waters",KC,"OF209","605","605","605.0","0.0","-"
"646","Tristan Peters",CWS,"OF210","606","606","606.0","0.0","-"
"647","DaShawn Keirsey",ATL,"OF211","607","607","607.0","0.0","-"
"648","Victor Mesa Jr.",TB,"OF212","608","608","608.0","0.0","-"
"649","Blake Dunn",CIN,"OF213","609","609","609.0","0.0","-"
"650","Abraham Toro",KC,"3B59","612","612","612.0","0.0","-"
"651","Miles Mastrobuoni",SEA,"2B96","613","613","613.0","0.0","-"
"652","A.J. Vukovich",ARI,"3B60","614","614","614.0","0.0","-"
"653","Sterlin Thompson",COL,"1B75","615","615","615.0","0.0","-"
"654","Justin Dean",CHC,"OF214","616","616","616.0","0.0","-"
"655","Kahlil Watson",CLE,"LF11","618","618","618.0","0.0","-"
"656","Wade Meckler",LAA,"OF215","619","619","619.0","0.0","-"
"657","Denzer Guzman",LAA,"SS67","620","620","620.0","0.0","-"
"658","Brett Wisely",ATL,"2B97","621","621","621.0","0.0","-"
"659","Matt Koperniak",STL,"OF216","622","622","622.0","0.0","-"
"660","Michael Siani",LAD,"OF217","623","623","623.0","0.0","-"
"661","Cesar Prieto",STL,"3B61","625","625","625.0","0.0","-"
"662","Weston Wilson",BAL,"OF218","626","626","626.0","0.0","-"
"663","James Triantos",CHC,"2B98","627","627","627.0","0.0","-"
"664","Samad Taylor",SD,"OF219","629","629","629.0","0.0","-"
"665","Cameron Cauley",TEX,"SS68","630","630","630.0","0.0","-"
"666","Matt Mervis",FA,"1B76","631","631","631.0","0.0","-"
"667","Daniel Johnson",HOU,"OF220","632","632","632.0","0.0","-"
"668","Liover Peguero",PHI,"SS69","634","634","634.0","0.0","-"
"669","Edwin Arroyo",CIN,"SS70","636","636","636.0","0.0","-"
"670","Bryan Ramos",BAL,"3B62","637","637","637.0","0.0","-"
"671","Steward Berroa",PHI,"OF221","638","638","638.0","0.0","-"
"672","Jared Serna",MIA,"2B99","639","639","639.0","0.0","-"
"673","Kevin Newman",KC,"SS71","640","640","640.0","0.0","-"
"674","Rhylan Thomas",SEA,"OF222","641","641","641.0","0.0","-"
"675","Connor Joe",SEA,"OF223","642","642","642.0","0.0","-"
"676","Dominic Fletcher",PIT,"OF224","644","644","644.0","0.0","-"
"677","Luke Williams",ATL,"2B100","645","645","645.0","0.0","-"
"678","Nicky Lopez",CHC,"3B63","646","646","646.0","0.0","-"
"679","Dustin Harris",HOU,"OF225","648","648","648.0","0.0","-"
"680","Kristian Robinson",ARI,"OF226","649","649","649.0","0.0","-"
"681","Michael Arroyo",SEA,"2B101","650","650","650.0","0.0","-"
"682","Nick Morabito",NYM,"OF227","651","651","651.0","0.0","-"
"683","Jose Azocar",ATL,"OF228","653","653","653.0","0.0","-"
"684","Ronny Simon",PIT,"2B102","654","654","654.0","0.0","-"
"685","Cavan Biggio",HOU,"1B77","655","655","655.0","0.0","-"
"686","Luis Vazquez",BAL,"SS72","656","656","656.0","0.0","-"
"687","RJ Schreck",TOR,"OF229","657","657","657.0","0.0","-"
"688","Victor Bericoto",SF,"1B78","658","658","658.0","0.0","-"
"689","Jase Bowen",SD,"OF230","659","659","659.0","0.0","-"
"690","Donovan Solano",FA,"1B79","660","660","660.0","0.0","-"
"691","Blaze Jordan",STL,"3B64","661","661","661.0","0.0","-"
"692","Garrett Stubbs",PHI,"C117","662","662","662.0","0.0","-"
"693","Jonah Bride",TEX,"3B65","663","663","663.0","0.0","-"
"694","Vimael Machin",COL,"3B66","664","664","664.0","0.0","-"
"695","Ben Cowles",CHC,"SS73","666","666","666.0","0.0","-"
"696","Brennen Davis",SEA,"OF231","667","667","667.0","0.0","-"
"697","Tim Elko",CWS,"1B80","668","668","668.0","0.0","-"
"698","Niko Kavadas",LAA,"1B81","669","669","669.0","0.0","-"
"699","Trey Lipscomb",WSH,"3B67","670","670","670.0","0.0","-"
"700","Anthony Seigler",BOS,"3B68","671","671","671.0","0.0","-"
"701","Trei Cruz",DET,"SS74","672","672","672.0","0.0","-"
"702","Jose Barrero",BAL,"SS75","673","673","673.0","0.0","-"
"703","Eduardo Valencia",DET,"DH8","674","674","674.0","0.0","-"
"704","Cristian Pache",NYM,"OF232","675","675","675.0","0.0","-"
"705","Aaron Schunk",ATL,"3B69","676","676","676.0","0.0","-"
"706","Juan Yepez",FA,"1B82","677","677","677.0","0.0","-"
"707","Alika Williams",PIT,"SS76","678","678","678.0","0.0","-"
"708","Josh Kasevich",TOR,"SS77","679","679","679.0","0.0","-"
"709","Tsung-Che Cheng",BOS,"SS78","680","680","680.0","0.0","-"
"710","Marco Luciano",NYY,"SS79","681","681","681.0","0.0","-"
"711","Davis Wendzel",PIT,"3B70","682","682","682.0","0.0","-"
"712","Ryan Fitzgerald",LAD,"SS80","683","683","683.0","0.0","-"
"713","Trey Mancini",LAA,"OF233","684","684","684.0","0.0","-"
"714","Jacob Amaya",ARI,"SS81","685","685","685.0","0.0","-"
"715","Donovan Walton",LAA,"2B103","686","686","686.0","0.0","-"
"716","Nate Furman",SF,"2B104","687","687","687.0","0.0","-"
"717","Emmanuel Rivera",FA,"3B71","688","688","688.0","0.0","-"
"718","Vinny Capra",BOS,"3B72","689","689","689.0","0.0","-"
"719","Oliver Dunn",CWS,"3B73","690","690","690.0","0.0","-"
"720","Leandro Cedeno",SD,"1B83","691","691","691.0","0.0","-"
"721","Ethan Murray",MIL,"SS82","692","692","692.0","0.0","-"
"722","Scott Kingery",CHC,"2B105","693","693","693.0","0.0","-"
"723","Sergio Alcantara",PHI,"3B74","694","694","694.0","0.0","-"
"724","Patrick Wisdom",SEA,"1B84","695","695","695.0","0.0","-"
"725","Luken Baker",ARI,"1B85","697","697","697.0","0.0","-"
"726","Tristin English",ATL,"1B86","698","698","698.0","0.0","-"
"727","Grae Kessinger",NYM,"2B106","699","699","699.0","0.0","-"
"728","Victor Victor Mesa",FA,"OF234","700","700","700.0","0.0","-"
"729","Jack Winkler",HOU,"SS83","701","701","701.0","0.0","-"
"730","Collin Price",HOU,"C118","703","703","703.0","0.0","-"
"731","Matthew Wood",MIL,"C119","704","704","704.0","0.0","-"
"732","Nick Raposo",SEA,"C120","705","705","705.0","0.0","-"
"733","Cooper Kinney",TB,"2B107","706","706","706.0","0.0","-"
"734","Jose Rojas",NYM,"3B75","708","708","708.0","0.0","-"
"735","Carlos Vargas",FA,"SS84","709","709","709.0","0.0","-"
"736","Ryan Johnson",FA,"3B76","710","710","710.0","0.0","-"
"737","Carlos Rodriguez",SD,"OF235","711","711","711.0","0.0","-"
"738","Cesar Salazar",FA,"C121","713","713","713.0","0.0","-"
"739","Jacob Stallings",FA,"C122","714","714","714.0","0.0","-"
"740","Rece Hinds",HS,"SS85","715","715","715.0","0.0","-"